country,1960,1961,1962,1963,1964,1965,1966,1967,1968,1969,1970,1971,1972,1973,1974,1975,1976,1977,1978,1979,1980,1981,1982,1983,1984,1985,1986,1987,1988,1989,1990,1991,1992,1993,1994,1995,1996,1997,1998,1999,2000,2001,2002,2003,2004,2005,2006,2007,2008,2009,2010,2011,2012,2013,2014,2015,2016,2017,2018,2019,2020,2021,2022
Aruba,,,,,,,,,,,,,,,,,,,,,,,,,,,11k,13.1k,16.1k,19k,20.6k,22.8k,24.2k,26.4k,29.4k,30.3k,30.7k,33k,35.2k,34.6k,37.1k,36.3k,35.6k,38.4k,41.7k,35.6k,44.3k,42.4k,49.8k,44.5k,41.3k,42.3k,43.8k,44.6k,46.5k,48.7k,48.6k,49.6k,51.7k,54.5k,42.7k,51k,
Afghanistan,2860,2870,2800,3770,3920,4830,6570,7680,6160,6170,7470,7630,6500,6890,8350,8950,9460,10.7k,11.7k,12.7k,13.1k,15.8k,,,,,,,,,,,,,,,,,,,,,,,,,,,,22.3k,25.8k,29k,33.8k,36.2k,36k,36.6k,35.7k,36.5k,36.6k,39.5k,40.1k,31k,
Angola,,,,,,,,,,,,,,,,,,,,,,,,,,20µ,20µ,20µ,20µ,30µ,30µ,60µ,0.00013,0.00127,0.0221,0.93,45,104,142,841,4560,9600,33.9k,66.2k,93.8k,148k,184k,212k,259k,224k,298k,395k,446k,468k,496k,471k,538k,630k,756k,853k,863k,1.19M,1.39M
Albania,,,,,,,,,,,,,,,,,,,,,,,,,5500,5490,5550,5400,5220,5580,4930,4750,14.3k,38.6k,55.9k,70.8k,108k,108k,127k,146k,167k,190k,205k,229k,249k,272k,300k,334k,369k,385k,421k,448k,456k,474k,487k,504k,520k,541k,570k,585k,571k,651k,755k
Andorra,,,,,,,,,,,,,,,,,,,,,,,,,,,,,,,,,,,,,,,,,,,,,,,,,,,,,,,,,,,,40.5k,,,
UAE,,,,,,,,,,,,,,,,,,,,,,,,,,,,,,,,,,,,,,,,,123k,115k,112k,120k,137k,157k,170k,167k,168k,118k,125k,150k,163k,168k,172k,153k,152k,159k,172k,167k,137k,162k,196k
Argentina,0,0,0,0,0,0,0,0,0,0,0,0,0,0,0,0,0,10µ,30µ,70µ,0.00014,0.00026,0.00071,0.00352,0.0251,0.166,0.31,0.713,3.35,92.4,2020,5300,6630,6860,7360,7250,7530,8000,8050,7530,7460,6960,7830,9430,11.2k,13.2k,17.5k,21.9k,27.8k,29.7k,39.4k,51.3k,61.7k,77.6k,105k,135k,185k,236k,320k,461k,584k,990k,1.76M
Armenia,,,,,,,,,,,,,,,,,,,,,,,,,,,,,,,13.6,22,72.5,1220,55.3k,161k,206k,260k,304k,317k,336k,387k,454k,544k,648k,767k,919k,1.1M,1.27M,1.1M,1.23M,1.34M,1.52M,1.67M,1.75M,1.82M,1.81M,2.02M,2.16M,2.35M,2.17M,2.43M,2.92M
American Samoa,,,,,,,,,,,,,,2650,2650,2290,2270,2570,2700,3300,3870,4090,4270,4520,4670,4780,,,,,,,,,,,,,,,,,,,,,,,,,,,,,,,,,,,,,
Antigua and Barbuda,,,,,,,,,,,,,,,,,,3260,3670,4480,5420,6050,6650,7480,8590,9890,10.6k,12.5k,15.5k,16.7k,17.7k,19.1k,19.6k,21k,22.7k,21.7k,23.5k,25k,26.3k,27.2k,28.1k,27.5k,27k,28.3k,29.9k,33.2k,37.1k,41.5k,42.5k,37.6k,35.3k,34.3k,35.7k,34.9k,36k,37.6k,39.9k,41.2k,44.9k,46.8k,40.7k,43.4k,48.9k
Australia,1620,1670,1660,1750,1900,2040,2090,2290,2410,2630,2920,3090,3370,3730,4380,5140,5940,6730,7230,8080,9070,10.2k,11.4k,12.2k,13.6k,14.7k,16k,17.3k,19.3k,21.3k,22.9k,23.1k,23.3k,24.5k,25.6k,26.6k,28k,29.2k,30.7k,32k,33.8k,35.6k,37.7k,39.6k,42.1k,44.1k,46.9k,49.9k,53.2k,56.1k,56.9k,60.9k,64k,64.8k,66.3k,66.8k,66.9k,69.6k,71.5k,74.3k,75.4k,80.1k,85.7k
Austria,1760,1940,2040,2190,2380,2580,2790,2940,3140,3420,3910,4350,4930,5560,6320,6720,7420,8200,8670,9530,10.2k,10.9k,11.7k,12.5k,13.1k,13.8k,14.5k,15k,15.8k,16.9k,18k,19k,19.9k,20.4k,21.3k,22.1k,22.9k,23.6k,24.5k,25.1k,26.4k,27k,27.9k,28.5k,29.6k,30.8k,32.5k,34.2k,35.6k,34.5k,35.7k,37.1k,37.8k,38.3k,39k,39.4k,40.9k,41.6k,43.2k,44.6k,43.1k,45.6k,49.7k
Azerbaijan,,,,,,,,,,,,,,,,,,,,,,,,,,,,,,,,,,4.2,49.4,277,351,402,436,492,576,639,719,838,966,1320,1940,2820,4110,3690,4410,5290,5560,5870,6010,5460,5820,6870,7670,7860,7150,9000,12.2k
Burundi,3530,3570,3660,3910,4250,4260,4280,4460,4430,4550,5890,5950,5750,6630,7240,8660,9840,12.3k,13.3k,16.8k,19.2k,19.4k,19.7k,21.1k,24.1k,27.6k,26.7k,26.4k,28.2k,32.4k,34.9k,37.5k,38.8k,40.6k,41.3k,41.6k,43.7k,57.1k,65.7k,72.7k,101k,111k,114k,121k,137k,161k,170k,184k,230k,249k,273k,296k,343k,376k,398k,455k,449k,492k,472k,470k,486k,528k,572k
Belgium,1600,1690,1800,1920,2120,2290,2450,2610,2780,3070,3480,3800,4240,4790,5600,6180,7010,7550,8100,8610,9330,9790,10.5k,11.2k,12.1k,12.9k,13.5k,14.1k,15k,16.2k,17.1k,17.9k,18.8k,19.4k,20.6k,21.2k,21.6k,22.5k,23.4k,24.2k,25.7k,26.2k,26.9k,27.6k,28.9k,30k,31.3k,32.8k,33.6k,32.7k,33.8k,34.1k,35.6k,36.1k,36.7k,37.5k,38.3k,39.5k,40.6k,42.1k,40.3k,43.7k,43.5k
Benin,22k,22.6k,22.3k,23.5k,24.5k,25.9k,26.7k,26.5k,27.7k,28.8k,30.3k,29.6k,32.6k,34.8k,40.6k,42.9k,48.2k,51.9k,57.6k,67.7k,77.3k,88.8k,102k,98.8k,104k,104k,99.7k,98.3k,98.4k,93.8k,102k,104k,105k,111k,146k,175k,191k,205k,219k,332k,356k,371k,389k,402k,411k,424k,435k,449k,490k,498k,497k,517k,565k,596k,615k,611k,617k,629k,656k,679k,705k,751k,806k
Burkina Faso,17.2k,17.9k,19.3k,19.5k,20k,19.9k,20.3k,20.7k,21k,22.5k,22.6k,23.2k,25.1k,25.4k,30k,32.4k,36.9k,42.5k,50.2k,54.8k,58.7k,67.4k,78.3k,80.5k,82k,87.1k,85.7k,84.1k,89.5k,93.4k,92.3k,94.2k,92.2k,91.5k,103k,114k,125k,131k,148k,181k,177k,190k,197k,209k,212k,231k,238k,247k,276k,280k,301k,329k,365k,366k,362k,357k,377k,397k,419k,429k,446k,470k,489k
Bangladesh,,,,,,,,,,,,,,887,1370,2310,1960,1900,2500,2890,3350,3910,4270,4730,5200,6140,6780,7670,8260,9000,9900,10.3k,11k,11.4k,12.1k,13.3k,16.3k,17.4k,18.8k,20k,21.5k,22.8k,24.4k,26.5k,28.8k,31.7k,35.7k,40.6k,46.6k,51.9k,58.1k,65.8k,75.3k,84.1k,91.9k,102k,136k,149k,168k,186k,197k,219k,241k
Bulgaria,,,,,,,,,,,,,,,,,,,,,2.86,3.1,3.23,3.32,3.53,3.62,3.82,4.03,4.19,4.33,4.79,14.1,23.1,34.7,61,148,253,2220,3140,3010,3360,3880,4440,4790,5400,6160,6880,7800,9250,9520,9910,10.7k,11.2k,11.1k,11.5k,12.1k,13k,14.2k,15.1k,16.8k,16.8k,19.7k,24.8k
Bahrain,,,,,,,,,,,,,,,,,,,,,2980,3430,3490,3480,3400,2840,2220,2410,2540,2630,3230,3380,3240,3280,3370,3550,3610,3520,3370,3450,4670,4460,4560,5110,5670,6490,7020,7740,8390,6550,7230,7760,9130,9340,9110,8090,8120,8640,9030,9160,8190,9450,10.6k
Bahamas,1330,1420,1510,1610,1730,1860,2020,2220,2420,2750,2850,2940,2960,3280,3350,4060,2750,2990,3280,4590,5370,5590,6230,6740,7780,8700,9130,9900,10.2k,11k,11.1k,10.6k,10.7k,10.3k,10.6k,13k,14.5k,19.9k,21k,23.6k,24.4k,24.6k,26k,25.8k,26k,27.8k,28.2k,29k,28.8k,26.7k,26.4k,26k,27.4k,26.5k,27.6k,28.7k,28.4k,29.5k,29.6k,30.8k,22.9k,26.5k,29.8k
Bosnia and Herzegovina,,,,,,,,,,,,,,,,,,,,,,,,,,,,,,,,,,,470,621,987,1480,2110,2390,3100,3270,3540,3690,4220,4490,5090,5790,6710,6640,6760,7060,7190,7500,7720,8260,8710,9170,9930,10.6k,10.4k,11.8k,14k
Belarus,,,,,,,,,,,,,,,,,,,,,,,,,,,,,,,40µ,90µ,0.0009,0.00963,0.174,1.19,1.89,3.62,6.97,30.2,91.1,172,264,374,513,675,823,1010,1340,1460,1760,3210,5670,6850,8270,9100,9550,10.8k,12.5k,13.9k,15.3k,18.3k,20.1k
Belize,437,453,471,485,506,544,585,614,631,645,711,759,808,954,1230,1460,1480,1650,1860,2070,2700,2610,2330,2390,2590,2480,2700,3220,3590,4020,5930,6320,7130,7540,7520,7820,7860,7780,7840,8030,8840,8830,9110,9160,9350,9610,10.1k,10.3k,10.2k,10.1k,9930,10.5k,10.6k,11.1k,11.4k,11.8k,11.7k,11.5k,11.3k,11.6k,10.2k,12.1k,13.3k
Bermuda,,,,,,,,,,,,,,,,,,,,,,,,,,,,,,,,,,,,,,,,,,,,,,,,,,,104k,100k,103k,104k,102k,106k,110k,116k,117k,118k,111k,117k,122k
Bolivia,,,,,,,,,,,,,,,,,0.0103,0.0118,0.0133,0.0154,0.0182,0.0231,0.0554,0.192,2.89,345,1080,1250,1500,1730,2070,2520,2870,3130,3480,3980,4570,4990,5540,5570,5880,5990,6200,6580,7220,7890,9280,10.2k,11.8k,11.6k,12.9k,15.3k,16.6k,18.5k,19.8k,19.9k,20.4k,22k,23.4k,23.5k,21k,22.5k,23.6k
Brazil,,,,,,,0,0,0,0,0,0,0,0,0,0,0,0,0,0,0,0,0,0,0,0,10µ,30µ,0.00021,0.00303,0.0746,0.384,4.03,86.8,2090,4260,5080,5560,5740,6080,6620,7140,7970,9110,10.3k,11.3k,12.4k,14k,15.7k,16.8k,19.2k,21.5k,23.5k,26.1k,27.9k,28.7k,29.7k,31k,32.4k,34k,34.9k,40.4k,44.6k
Barbados,,,,,,,,,,,,,,,,,,,,,,,,,,,11.8k,13k,13.8k,15.4k,15.3k,15.4k,14.8k,15.6k,16.2k,16.6k,17.6k,18.6k,21k,21.8k,22.4k,22.2k,22.4k,23k,24.8k,27k,29.3k,33.1k,33.3k,31.2k,32.2k,31.6k,32.1k,32.4k,32.4k,32.4k,33.1k,34.1k,34.7k,36.1k,32.8k,33.8k,38.9k
Brunei,,,,,,,,,,,,,,,,,,,,,,,,,,,,,,22.9k,24.4k,23.7k,24.6k,23.3k,21.4k,22.4k,23.6k,24.6k,21.2k,23.8k,31k,29.5k,30.1k,32.3k,36.9k,43.3k,48.9k,49k,53.2k,40.2k,46.8k,56.5k,57.1k,54.4k,51.9k,44.3k,39.7k,41.2k,42.4k,43.1k,38.6k,42.5k,50.1k
Bhutan,,,,,,,,,,,,,,,,,,,,,1950,2180,2300,2470,3050,3290,3920,5330,6470,7510,8440,8760,10.1k,11.8k,14.4k,15.6k,17.7k,21.3k,22.7k,24.7k,32.4k,36.1k,40.3k,43.3k,46.5k,52.2k,58.6k,69.8k,75.3k,82.1k,94.6k,109k,121k,131k,147k,161k,177k,193k,200k,212k,209k,227k,
Botswana,47.6,50.4,53.2,55.8,59.6,64.5,71.1,77.2,86.6,101,122,154,203,258,304,361,422,471,576,748,840,946,1050,1170,1330,1700,2040,2380,3580,4360,5110,5870,6320,7380,7200,8440,9650,11k,12.5k,14.3k,16.1k,17.7k,16.7k,18.4k,20.2k,24.6k,28.3k,31.8k,34.7k,35k,39.5k,48.1k,49.7k,54k,60.3k,57.7k,63.9k,63.4k,63.8k,68.2k,66.2k,76.2k,91.9k
Central African Republic,16.3k,17.6k,17.4k,17.8k,19.2k,19.9k,20.5k,20.8k,23.6k,24k,25k,25.9k,26.7k,27.2k,30k,35.3k,46.4k,53.2k,58.3k,61.9k,69.9k,77.7k,98.7k,99k,109k,151k,149k,135k,139k,141k,137k,133k,124k,116k,145k,167k,150k,156k,157k,167k,171k,176k,174k,164k,161k,166k,176k,185k,197k,212k,229k,244k,270k,176k,197k,211k,223k,253k,260k,268k,265k,273k,281k
Canada,,,,,,,,,,,4260,4510,4990,5780,6800,7550,8560,9320,10.2k,11.5k,12.8k,14.3k,14.9k,16.1k,17.5k,18.8k,19.5k,21k,22.6k,23.8k,24.2k,24.2k,24.4k,25.2k,26.3k,27.4k,28.1k,29.4k,30.1k,32k,35.1k,35.9k,37.1k,38.7k,40.9k,43.2k,45.2k,47.3k,49.1k,45.9k,48k,50.7k,51.7k,53.4k,55.4k,54.9k,55.4k,57.8k,59.3k,60.8k,57.7k,65.3k,70.8k
Channel Islands,,,,,,,,,,,1020,1160,1350,1780,2140,2440,2880,3260,3890,4310,5170,5580,6100,6710,7030,7530,,,,,,,,,,,,,25.3k,26.5k,28.4k,28.9k,29.4k,29.6k,30.3k,31.1k,32.9k,35.5k,,,,,,,,,,,,,,,
Switzerland,8000,8800,9500,10.2k,11.1k,11.5k,12.3k,13k,13.8k,14.8k,,,,,,,,,,,,,,,,,,,,,,,,,,60.6k,60.9k,62.9k,64.7k,66k,69.8k,69.4k,67.8k,70.6k,72k,75.7k,79.2k,78.3k,75k,79k,84k,80.8k,81.8k,82.2k,81.2k,81.5k,80.5k,79.9k,80.3k,80.7k,78.6k,82.2k,82.1k
Chile,0.546,0.6,0.691,1.03,1.53,2.1,2.93,3.72,5.05,7.26,10.3,13.2,24.2,116,907,3390,12.1k,26.7k,44.1k,69.6k,95.6k,111k,101k,122k,143k,204k,261k,354k,456k,567k,716k,924k,1.16M,1.37M,1.61M,1.94M,2.15M,2.35M,2.46M,2.46M,2.65M,2.83M,2.97M,3.17M,3.49M,3.9M,4.46M,4.93M,5.19M,5.32M,6.09M,6.46M,7.08M,7.49M,7.99M,8.66M,9.07M,9.38M,9.71M,9.9M,9.79M,11.6M,12.7M
China,220,187,175,183,210,242,257,238,225,246,279,292,296,313,314,332,321,344,385,423,467,496,533,591,705,868,973,1120,1380,1540,1670,1920,2340,3020,4070,5010,5810,6410,6750,7130,7850,8590,9410,10.6k,12.5k,14.3k,16.7k,20.5k,24.3k,26.1k,30.7k,35.9k,39.7k,43.1k,47k,49.7k,53.5k,59.5k,65.2k,69.9k,71.3k,80.6k,84.8k
Cote d'Ivoire,36.8k,38.9k,38.5k,43.1k,50.8k,48.7k,52.1k,53k,61k,65.3k,71.6k,73.1k,75.4k,85.7k,109k,117k,151k,201k,222k,231k,246k,249k,258k,252k,288k,284k,284k,259k,251k,233k,211k,208k,202k,206k,303k,350k,388k,419k,447k,442k,412k,421k,426k,418k,421k,457k,461k,472k,516k,533k,562k,534k,601k,656k,1.03M,1.12M,1.16M,1.19M,1.24M,1.3M,1.31M,1.4M,1.5M
Cameroon,,,,,,,,32k,35.8k,39.6k,43.6k,46.5k,51k,52k,62.8k,73.6k,80.5k,82.8k,120k,144k,138k,183k,225k,267k,324k,379k,401k,371k,338k,311k,281k,266k,249k,351k,366k,390k,396k,428k,446k,466k,469k,485k,512k,548k,578k,581k,608k,614k,648k,677k,678k,699k,721k,756k,799k,816k,831k,844k,869k,882k,867k,903k,977k
"Congo, Dem. Rep.",,,,,,,,,,,,,,,,,,,,,,,,,,,,,,,,,,,1.48,7.92,61.4,167,204,997,26.5k,42.3k,56.6k,66.4k,72.8k,96k,112k,138k,166k,225k,282k,329k,359k,374k,400k,414k,451k,642k,854k,897k,946k,1.11M,1.21M
"Congo, Rep.",30.1k,33.7k,36k,36.3k,38k,39.5k,42.9k,45.2k,46.6k,49.9k,53.1k,60.2k,68.6k,75.9k,86.7k,97.3k,103k,105k,106k,132k,178k,273k,348k,376k,451k,441k,307k,321k,252k,279k,265k,262k,268k,236k,315k,224k,264k,337k,297k,336k,517k,443k,455k,438k,471k,724k,937k,892k,1.11M,990k,1.36M,1.45M,1.81M,1.8M,1.81M,1.38M,1.12M,1.04M,1.31M,1.19M,900k,1.21M,1.42M
Colombia,1700,1870,2040,2510,3020,3270,3860,4190,4800,5370,6200,7120,8460,10.6k,13.9k,16.9k,21.7k,28.8k,35.8k,46k,59.9k,73k,88.9k,105k,129k,161k,215k,273k,359k,446k,702k,896k,1.13M,1.47M,1.88M,2.31M,2.69M,3.19M,3.64M,3.87M,5.2M,5.53M,5.9M,6.41M,7.13M,7.8M,8.68M,9.59M,10.5M,11M,11.7M,13.1M,14M,14.9M,15.9M,16.9M,17.9M,18.7M,19.5M,20.7M,19.4M,22.7M,27.1M
Comoros,,,,,,,,,,,,,,,,,,,,,137k,158k,175k,204k,220k,234k,249k,255k,259k,261k,271k,270k,270k,278k,281k,309k,308k,316k,317k,336k,349k,380k,396k,416k,430k,435k,452k,464k,486k,496k,513k,539k,567k,591k,598k,590k,607k,619k,641k,667k,657k,659k,697k
Cape Verde,,,,,,,,,,,,,,,,,,,,,17.6k,21.2k,24.3k,28.5k,32.3k,36k,43.8k,48.8k,54.1k,58.9k,59.4k,61.5k,63.8k,101k,82.8k,90.5k,97.6k,105k,115k,134k,137k,147k,150k,163k,165k,169k,187k,258k,282k,281k,280k,297k,297k,302k,296k,304k,320k,335k,353k,380k,306k,327k,407k
Costa Rica,2100,2080,2160,2230,2280,2390,2530,2650,2850,3070,3460,3690,4070,4930,6260,7690,9240,11.5k,12.8k,14.2k,16.4k,20.5k,32.3k,44.1k,55.5k,66.3k,81.2k,90.9k,108k,128k,158k,265k,339k,391k,468k,575k,658k,777k,903k,1.01M,1.11M,1.24M,1.38M,1.57M,1.84M,2.14M,2.58M,3.05M,3.53M,3.74M,4.15M,4.47M,4.86M,5.12M,5.55M,5.9M,6.21M,6.52M,6.76M,7M,6.71M,7.27M,7.82M
Cuba,,,,,,,,,,,630,751,829,873,975,1100,1160,1200,1390,1430,1430,1670,1760,1870,2060,2030,1930,1880,1960,1970,1980,1630,1490,1500,1890,2130,2240,2260,2290,2520,2700,2800,2950,3160,3350,3740,4630,5110,5300,5360,5570,6010,6380,6730,7020,7590,7940,8420,8700,9000,,,
Cayman Islands,,,,,,,,,,,,,,,,,,,,,,,,,,,,,,,,,,,,,,,,,,,,,,,,,,,60.6k,60.7k,42.6k,37.9k,36.8k,38.2k,41.5k,45.4k,49.6k,55.5k,52k,53.6k,
Cyprus,,,,,,,,,,,,,,,,,1150,1470,1750,2150,2580,2910,3370,3680,4280,4690,4940,5440,6030,6750,7480,7640,8620,8880,9690,11.2k,11.5k,11.8k,13.7k,13.4k,14k,15.1k,15.9k,17.2k,18k,19k,20.1k,21.4k,23.8k,23k,23.1k,24k,22.4k,20.7k,20k,21k,21.4k,22.9k,24k,24.9k,22.8k,24.4k,27.3k
Czech Republic,,,,,,,,,,,,,,,,,,,,,,,,,,,,,,,,,94.8k,115k,133k,153k,175k,188k,206k,215k,228k,245k,254k,268k,288k,307k,323k,351k,366k,352k,353k,356k,364k,369k,385k,409k,423k,455k,481k,510k,507k,558k,618k
Germany,,,,,,,,,,,5190,5750,6230,6910,7480,7880,8580,9150,9800,10.6k,11.3k,11.8k,12.3k,12.9k,13.7k,14.3k,15k,15.4k,16.3k,17.3k,18.6k,19.9k,21.2k,21.6k,22.5k,23.2k,23.5k,23.9k,24.4k,24.9k,25.5k,26.2k,26.4k,26.5k,27.6k,28k,29.4k,30.8k,31.3k,30.5k,32k,34.4k,35k,35.7k,36.9k,37.9k,39k,40.5k,42k,43.2k,42.2k,44.8k,47.6k
Djibouti,,,,,,,,,,,,,,,,,,,,,,,,,,,,,,,,137k,142k,142k,145k,145k,141k,137k,134k,135k,136k,136k,137k,142k,150k,156k,166k,179k,208k,211k,222k,237k,257k,369k,394k,423k,439k,450k,466k,496k,503k,532k,547k
Dominica,,,,,,,,,,,,,,,,,,1720,2120,2040,2700,3060,3340,3670,4010,4420,5030,5700,6500,6990,7640,8280,8860,9340,9890,10.2k,10.7k,11.2k,12k,12k,11.6k,12.5k,12.1k,12.5k,13.1k,13.2k,14.7k,15.8k,17.3k,18.7k,19k,19.3k,18.7k,18.8k,19.6k,20.1k,21.4k,20.1k,21.2k,22.7k,19.2k,20.7k,22.7k
Denmark,,,,,,,17.1k,18.6k,20.6k,23.3k,25.6k,28k,31.8k,36.9k,40.8k,45.7k,53k,58.8k,65.4k,72k,77k,83.6k,94.8k,105k,115k,125k,135k,142k,147k,154k,161k,167k,173k,175k,187k,194k,203k,213k,220k,231k,243k,252k,259k,264k,279k,295k,313k,320k,332k,315k,332k,339k,347k,355k,364k,369k,377k,389k,400k,409k,411k,442k,492k
Dominican Republic,201,186,228,253,268,227,242,247,251,277,330,362,429,485,587,705,754,840,868,987,1120,1180,1280,1350,1590,2290,2600,3180,4520,5790,8080,16.3k,18.8k,20.4k,22.8k,26k,28.2k,33k,36.9k,39.8k,44.1k,47.2k,52k,65.9k,95.1k,112k,129k,147k,168k,174k,196k,214k,228k,246k,271k,295k,317k,340k,376k,400k,386k,461k,535k
Algeria,1400,1270,923,1140,1180,1220,1140,1260,1420,1560,1700,1750,2090,2310,3620,3860,4390,4790,5650,6690,8290,9440,9920,10.9k,12.1k,12.8k,12.7k,13.3k,13.8k,16.4k,21k,30.5k,37.4k,41.1k,51.2k,66.2k,83.8k,90k,90.7k,102k,127k,132k,137k,158k,181k,218k,244k,271k,317k,280k,334k,395k,430k,429k,434k,412k,430k,452k,474k,468k,417k,491k,594k
Ecuador,369,333,305,359,429,442,437,447,438,514,459,428,480,562,930,1080,1220,1440,1510,1740,2120,2520,2210,1850,1750,1740,1500,1320,1180,1230,1340,1480,1570,1620,1920,2030,2050,2260,2200,1480,1350,1810,2090,2330,2570,2880,3210,3440,4160,4150,4570,5120,5590,5960,6280,6020,5960,6100,6150,6050,5490,5870,6300
Egypt,,,,,,72.9,76.8,77.9,76.2,78.5,91.3,94.1,98.3,106,116,134,165,196,224,278,333,337,456,528,610,683,778,962,1130,1360,1630,1930,2330,2540,2800,3200,3520,3990,4240,4420,4790,4980,5100,5490,6240,6790,7700,9140,10.8k,12.2k,13.6k,15k,17.9k,19.4k,21.8k,24.6k,26.8k,35.3k,43.9k,51.2k,55.6k,59.2k,68.3k
Eritrea,,,,,,,,,,,,,,,,,,,,,,,,,,,,,,,,,1140,1230,1600,1740,1930,2150,2380,2400,2840,3450,3960,4500,5460,5910,6420,6890,7000,9180,7670,9790,,,,,,,,,,,
Spain,142,162,187,219,242,278,318,356,396,449,504,562,654,781,950,1100,1300,1640,1980,2300,2640,2930,3340,3780,4250,4740,5410,6040,6700,7520,8360,9150,9790,10.1k,10.6k,11.5k,12.1k,12.8k,13.6k,14.6k,15.9k,16.9k,17.9k,18.9k,19.8k,21k,22.2k,23.2k,23.5k,22.6k,22.7k,22.4k,21.9k,21.7k,22.1k,23.2k,24k,25k,25.8k,26.5k,23.7k,25.6k,27.9k
Estonia,,,,,,,,,,,,,,,,,,,,,,,,,,,,,,,,,,,,,,,,,4250,4790,5370,6010,6770,7990,9520,11.3k,11.8k,10.3k,10.5k,11.9k,13k,14k,14.8k,15.3k,16.2k,17.6k,19.2k,20.5k,20.4k,23.2k,26.5k
Ethiopia,,,,,,,,,,,,,,,,,,,,,,423,428,463,426,485,490,506,504,511,523,555,562,694,712,827,905,901,845,883,995,987,937,1000,1150,1380,1660,2120,2970,3890,4310,5600,7890,8910,10.6k,12.6k,14.8k,16.8k,19.7k,23.4k,28.6k,35.9k,49.7k
Finland,635,714,758,817,916,1010,1080,1170,1340,1530,1760,1930,2230,2700,3390,3890,4400,4790,5290,6130,7060,7910,8820,9770,10.9k,11.8k,12.7k,13.7k,15.5k,17.1k,17.9k,16.9k,16.1k,16.1k,17.1k,18.7k,19.5k,21.2k,22.9k,24.3k,26.2k,27.9k,28.6k,28.9k,30.6k,31.5k,33.1k,35.5k,36.6k,34.5k,35.5k,36.9k,37.3k,37.7k,38.3k,39k,39.8k,41.1k,42.5k,43.7k,43.8k,45.9k,47.9k
Fiji,214,216,219,221,237,239,242,256,275,293,348,375,460,599,791,954,1050,1090,1140,1340,1500,1580,1590,1610,1750,1790,1960,1920,2050,2230,2450,2530,2830,3090,3220,3430,3700,3680,3900,4480,4380,4430,4760,5080,5420,5840,5790,5970,6110,6200,6450,7220,7520,8280,9550,10.1k,10.6k,11.1k,11.9k,11.8k,9890,9060,11.1k
France,1010,1080,1200,1330,1460,1560,1670,1790,1930,2200,2440,2700,2980,3390,3930,4400,5070,5670,6420,7300,8270,9270,10.5k,11.6k,12.5k,13.4k,14.4k,15.1k,16.2k,17.3k,18.2k,18.7k,19.3k,19.4k,20k,20.5k,21.1k,21.8k,22.8k,23.6k,24.7k,25.5k,26k,26.5k,27.5k,28.4k,29.6k,30.9k,31.6k,30.6k,31.4k,32.3k,32.5k,32.8k,33.1k,33.7k,34.2k,35.1k,36k,36.9k,34.7k,38k,40k
Faeroe Islands,5690,6250,6720,7930,8890,9910,10.9k,11.2k,11.7k,12.3k,14.9k,17k,19k,21.9k,27.1k,29.3k,35.7k,44.9k,46.5k,49k,57.5k,64.8k,74.6k,89.2k,94.5k,102k,113k,121k,,,,,,,,,,,170k,181k,196k,214k,222k,216k,224k,226k,257k,271k,264k,248k,274k,293k,306k,329k,350k,364k,397k,405k,406k,435k,417k,445k,
"Micronesia, Fed. Sts.",,,,,,,,,,,,,,,,,,,,,,,,1330,,,,,,,,,,2060,2050,2110,2070,1880,1970,2030,2140,2200,2200,2230,2220,2330,2380,2440,2490,2750,2860,2970,3170,3160,3160,3430,3520,3770,3720,4110,4050,3930,4150
Gabon,64.4k,75.1k,79.8k,83.4k,89.4k,92.2k,99.7k,107k,115k,131k,142k,162k,163k,233k,526k,648k,997k,940k,685k,777k,1.09M,1.25M,1.38M,1.45M,1.75M,1.62M,1.24M,1.01M,1.14M,1.32M,1.48M,1.35M,1.24M,1.23M,1.87M,1.91M,2.19M,2.28M,1.94M,2.03M,2.4M,2.46M,2.51M,2.44M,2.45M,3.12M,3.12M,3.28M,3.74M,3.05M,3.61M,4.18M,4.3M,4.13M,4.33M,3.84M,3.67M,3.79M,3.99M,4.05M,3.64M,4.04M,4.97M
Isle of Man,,,,,,,,,,,709,698,826,1030,1140,1380,1760,1970,2150,2570,2990,3160,3090,3480,3590,3760,4480,5180,5930,6650,7390,7870,8160,8260,8560,9110,9900,11k,12.3k,13.8k,14.6k,15.8k,17k,18.4k,20.3k,21.8k,24.2k,26.9k,28.9k,29.7k,46.2k,49.5k,51.2k,54.7k,55.5k,53.5k,54.2k,59.2k,63.6k,65k,60.6k,,
UK,,,,,,,,,,,1060,1180,1310,1520,1710,2150,2550,2930,3380,3960,4600,5060,5530,6080,6530,7070,7630,8380,9360,10.2k,11k,11.6k,12.1k,12.7k,13.6k,14.3k,15.2k,16.1k,17.2k,17.7k,18.7k,19.5k,20.3k,21.4k,22.2k,23.4k,24.1k,25k,25.5k,24.7k,25.7k,26.4k,26.6k,27.3k,28.3k,28.9k,29.8k,31.2k,32k,33.5k,30.7k,33.8k,37.4k
Georgia,,,,,,,,,,,,,,,,,,,,,,,,,,,,,,,,,0.0304,3.28,183,499,841,1090,1250,1440,1500,1670,1880,2170,2540,3010,3630,4420,4930,4700,5660,6590,7230,7550,8260,8900,9170,10.4k,11.5k,12.7k,12.6k,15.2k,18.1k
Ghana,0.0124,0.0129,0.0134,0.0145,0.016,0.0185,0.0187,0.0179,0.0196,0.0226,0.025,0.0269,0.0297,0.0361,0.0467,0.0513,0.0616,0.103,0.188,0.244,0.36,0.593,0.685,1.4,2.01,2.47,3.58,5.07,6.98,9.2,12.2,15,17,22.8,29.9,43.5,62.2,75.8,90.5,105,134,185,230,303,357,427,805,971,1240,1460,1770,2210,2660,4400,5330,6170,7140,8270,9550,10.8k,12.3k,13.6k,18k
Guinea,,,,,,,,,,,,,,,,,,,,,,,,,,,108k,141k,179k,218k,262k,325k,415k,433k,445k,480k,494k,513k,537k,574k,612k,633k,672k,724k,843k,1.06M,2.31M,2.73M,3.23M,3.14M,3.78M,4.21M,4.87M,4.98M,5.26M,5.57M,6.35M,7.63M,8.22M,9.18M,9.21M,9.98M,11.9M
Gambia,,,,,,,167,177,172,183,206,206,205,218,272,339,399,491,531,555,568,576,625,662,775,1140,1670,1920,1900,2030,2210,5400,5490,5740,5790,5920,6370,6040,6400,6410,6700,6960,7130,8460,17.5k,17.3k,16.9k,17.7k,18.7k,20.2k,21.9k,20.3k,21.6k,22.8k,22.9k,25.4k,27.3k,28.9k,32.3k,35.6k,35.7k,38.8k,43.9k
Guinea-Bissau,,,,,,,,,,,73.1,71.1,79.2,87.4,96.3,108,98.6,90,101,109,96.6,120,142,169,290,436,813,1530,2800,5840,8060,13.6k,22.2k,32.5k,40.3k,58.7k,89.6k,127k,95.8k,107k,207k,219k,221k,206k,204k,220k,217k,229k,256k,252k,267k,324k,307k,298k,309k,355k,390k,418k,419k,437k,416k,442k,490k
Equatorial Guinea,,,8060,9380,10.8k,13.2k,13.8k,14.5k,15k,14.8k,14.8k,14.6k,13.7k,15.9k,18.8k,21.2k,25.2k,29.2k,,,19.1k,18.7k,24k,34.5k,42.4k,68.8k,61.7k,63.8k,64.5k,57.6k,69.9k,70.8k,79.1k,80.9k,95k,105k,165k,373k,272k,489k,702k,599k,759k,680k,947k,2.55M,4.59M,5.28M,6.59M,4.5M,4.33M,5.69M,6.35M,5.96M,5.64M,4.37M,3.69M,3.6M,3.71M,3.14M,2.69M,3.1M,3.25M
Greece,46.5,52.8,55.2,62.2,70.3,80.4,89,95.4,103,118,,,,,,,,,,,,,,,,,,,,,,,,,,,,,,,,,,,,,19.4k,20.5k,21.2k,20.9k,19.7k,17.8k,17.2k,16.4k,16.4k,16.3k,16.1k,16.4k,16.5k,16.9k,15.4k,17k,19.6k
Grenada,,,,,,,,,,,,,,,,,,1970,2450,2850,3100,3140,3360,3500,3810,4360,4870,5590,6220,7010,7260,7950,8150,7960,8280,8530,9050,9600,10.7k,11.5k,12.2k,12k,12.3k,13.4k,13.2k,16.3k,16.3k,17.3k,18.8k,16.9k,17.3k,17.5k,17.8k,18.9k,19k,20k,21.7k,22.4k,23.3k,24.1k,21.2k,22.6k,25.3k
Greenland,,,,,,,,,,,10.1k,12.5k,13.8k,15.6k,18.9k,22.1k,26.4k,30.9k,36k,40.2k,48.1k,55.2k,60.7k,66.6k,69.1k,76.6k,83.7k,92.2k,102k,115k,105k,109k,105k,102k,109k,116k,121k,123k,134k,137k,150k,156k,159k,161k,168k,175k,174k,197k,,,,,,,,,,,,,,,
Guatemala,250,250,258,277,276,276,280,284,305,316,342,348,359,431,519,584,689,851,922,1030,1140,1210,1180,1200,1210,1390,1900,2070,2340,2630,3690,5030,5580,6490,7360,8190,8930,9860,11.1k,11.8k,12.8k,12.1k,13k,13.6k,14.5k,15.5k,16.7k,18.6k,20.8k,21.2k,22.4k,24.4k,25.7k,27k,28.5k,29.8k,31k,32k,33k,35.1k,35k,37.9k,41.6k
Guyana,468,504,493,441,480,519,537,583,609,658,699,740,799,840,1230,1550,1430,1390,1570,1610,1800,1820,1620,1620,1780,2140,2330,3370,4210,9260,15.3k,32.1k,44.2k,63.2k,84.5k,101k,122k,127k,132k,147k,161k,163k,168k,178k,197k,212k,610k,727k,813k,855k,938k,1.01M,1.12M,1.15M,1.14M,1.18M,1.22M,1.28M,1.26M,1.34M,1.4M,1.98M,3.67M
"Hong Kong, China",2300,2590,2810,3110,3480,3870,3920,4150,4330,5010,5810,6570,7760,9690,10.7k,11k,13.9k,15.9k,18.3k,22.7k,28k,32.9k,36.6k,39.8k,47.5k,49.8k,56.6k,68.9k,80.9k,92.1k,102k,116k,134k,159k,174k,183k,190k,211k,204k,199k,202k,201k,194k,191k,198k,208k,224k,246k,260k,245k,258k,281k,289k,304k,319k,335k,348k,375k,399k,398k,379k,414k,411k
Honduras,331,332,348,356,386,412,432,453,476,481,503,493,525,577,651,678,774,930,1690,1860,2010,1990,2020,2080,2220,2320,2420,2560,2760,3060,3780,4470,4740,5570,6580,8390,9820,11.8k,13.2k,13.9k,15.5k,16.7k,17.7k,18.9k,20.8k,23.2k,25.3k,28.5k,31.4k,32.6k,33.8k,36.8k,38.3k,39.1k,41.8k,46.2k,48.7k,53k,54.1k,56.9k,53.8k,60.6k,68.6k
Croatia,,,,,,,,,,,,,,,,,,,,,,,,,,,,,,,,,,,,3400,3800,4330,4800,4840,5260,5860,6460,7000,7680,8190,8910,9780,10.4k,9930,9950,10.2k,10.1k,10.3k,10.4k,10.9k,11.1k,12k,12.7k,13.5k,12.8k,15.1k,17.6k
Haiti,,,,,,,,,,,,,,,,,,,,,1210,1270,1240,1340,1470,1590,1810,1560,1950,2000,2220,2550,2860,3140,4270,5350,6030,6850,7830,8450,16k,17.7k,19.4k,23.2k,26.9k,29.9k,34.2k,36.6k,41.7k,48.5k,48.7k,52.8k,56.6k,62.8k,65.1k,68.4k,79.6k,91.5k,97.7k,114k,128k,148k,187k
Hungary,,,,,,,,,,,,,,,,,,,,,,,,,,,,,,,,,,348k,427k,541k,660k,806k,954k,1.06M,1.23M,1.42M,1.62M,1.78M,1.96M,2.1M,2.27M,2.37M,2.54M,2.53M,2.62M,2.72M,2.8M,2.98M,3.17M,3.38M,3.59M,3.85M,4.26M,4.75M,4.85M,5.52M,6.67M
Indonesia,4380,5120,14.2k,33k,71.1k,233k,3000,7890,18.9k,23.9k,28.6k,30.5k,36.2k,52.2k,79.7k,92.1k,112k,133k,155k,211k,293k,343k,372k,443k,511k,548k,582k,689k,769k,889k,1.02M,1.17M,1.31M,1.65M,1.91M,2.23M,2.57M,2.98M,4.34M,4.82M,6.06M,7.3M,8.03M,8.68M,9.7M,11.5M,13.8M,16.1M,20.1M,22.4M,27.4M,30.8M,33.5M,36.6M,39.9M,43M,45.8M,49.8M,53.9M,56.9M,55.2M,60.3M,69.1M
India,394,407,428,480,547,564,624,715,742,799,835,874,943,1120,1300,1360,1440,1590,1690,1820,2120,2420,2640,3010,3290,3630,3970,4400,5100,5720,6530,7340,8260,9330,10.7k,12.4k,14.1k,15.3k,17.2k,19k,20k,21.3k,22.5k,24.8k,27.8k,31.2k,36k,41k,45.4k,51.7k,60.9k,68.9k,77.1k,85.9k,94.2k,103k,113k,125k,137k,144k,140k,163k,188k
Ireland,330,356,383,409,462,493,516,560,631,721,839,946,1120,1320,1440,1790,2150,2570,2950,3410,3970,4730,5380,5830,6290,6730,7190,7710,8310,9210,10k,10.4k,10.8k,11.7k,12.6k,13.9k,15.2k,17.1k,19.4k,21.6k,24.9k,27k,29k,31.4k,33.1k,35.5k,37.9k,38.7k,36.1k,31.2k,30.9k,30.5k,30.9k,32.8k,35.4k,43.1k,46.3k,49.3k,52k,56.2k,56.3k,64.3k,71.6k
Iran,14.5k,14.9k,15.3k,15.6k,16.5k,18.4k,19.6k,21.2k,23.4k,25.6k,28k,34.2k,41.8k,58.8k,97.6k,107k,141k,161k,150k,173k,177k,200k,251k,311k,328k,335k,327k,384k,420k,507k,681k,929k,1.21M,1.78M,2.32M,3.23M,4.37M,5.06M,5.57M,7.38M,9.6M,11.1M,15.2M,18.5M,23.7M,28.9M,34.3M,45M,53.2M,55.2M,66.8M,90.4M,103M,136M,154M,148M,173M,198M,252M,317M,469M,762M,1.14B
Iraq,,,,,,,,,,,,,,,,,,,,,1190,778,829,807,916,908,864,1020,1100,1130,3120,2340,6190,16.7k,81.9k,320k,300k,667k,733k,1.42M,2.03M,1.61M,1.54M,1.09M,1.91M,2.33M,3.13M,3.75M,5.52M,4.43M,5.24M,6.7M,7.54M,7.68M,7.21M,5.11M,5.04M,5.55M,6.57M,6.61M,5.01M,6.85M,8.58M
Iceland,510,567,670,787,988,1170,1380,1380,1450,1780,2290,2890,3570,4940,7080,9880,13.7k,19.8k,30.3k,44.3k,70.6k,108k,166k,282k,366k,499k,660k,859k,1.04M,1.25M,1.45M,1.56M,1.54M,1.57M,1.65M,1.7M,1.82M,1.95M,2.16M,2.3M,2.43M,2.72M,2.98M,3M,3.2M,3.4M,3.69M,4.16M,3.9M,4.1M,4.27M,4.67M,5.03M,5.77M,6.03M,6.6M,7.14M,7.46M,7.65M,8.38M,7.79M,8.31M,9.36M
Israel,0.245,0.286,0.327,0.375,0.411,0.427,0.451,0.436,0.49,0.549,0.721,0.894,1.13,1.41,1.96,2.67,3.45,4.85,7.77,14.3,31.6,74,167,423,1990,7370,11.5k,14.7k,18k,21.2k,25.8k,31.7k,36.9k,41.5k,48.8k,55.5k,62.3k,68k,73.9k,78.3k,82.8k,84.4k,87k,86.3k,89.5k,94.4k,99.8k,105k,106k,109k,115k,121k,125k,131k,136k,140k,143k,147k,152k,158k,153k,166k,181k
Italy,260,287,320,364,395,423,455,497,536,588,686,745,812,972,1220,1390,1740,2100,2470,3020,3760,4470,5270,6140,7010,7860,8670,9500,10.6k,11.6k,12.7k,13.9k,14.6k,15k,15.9k,17.2k,18.2k,19.1k,19.9k,20.6k,21.7k,22.8k,23.6k,24.2k,25.1k,25.8k,26.8k,27.7k,27.6k,26.7k,27.1k,27.7k,27.2k,26.7k,26.8k,27.1k,28.1k,28.8k,29.6k,30.3k,28.3k,30.8k,32.8k
Jamaica,297,313,316,339,363,388,413,433,471,513,602,641,738,870,1120,1310,1300,1400,1700,1890,2060,2320,2530,3000,3670,4410,5850,6910,8140,9810,12.5k,18.4k,30.6k,53.2k,67.9k,86.9k,105k,112k,120k,129k,142k,153k,167k,193k,220k,246k,277k,311k,353k,370k,406k,436k,470k,504k,542k,576k,602k,656k,694k,729k,674k,759k,901k
Jordan,,,,,,199,204,182,151,175,151,151,168,179,216,238,293,348,388,465,530,640,699,717,717,703,760,734,708,699,752,739,872,900,967,1010,1020,1050,1140,1150,1200,1250,1300,1360,1500,1610,1810,1940,2470,2610,2760,2920,3080,3150,2990,2850,2820,2880,2930,2950,2820,2860,2950
Japan,170k,204k,229k,259k,302k,332k,382k,443k,519k,603k,749k,807k,912k,1.1M,1.29M,1.41M,1.56M,1.72M,1.88M,2.03M,2.18M,2.32M,2.42M,2.5M,2.65M,2.83M,2.94M,3.05M,3.27M,3.51M,3.78M,3.99M,4.08M,4.09M,4.12M,4.19M,4.31M,4.37M,4.3M,4.22M,4.28M,4.25M,4.18M,4.17M,4.22M,4.26M,4.3M,4.34M,4.23M,3.96M,4.05M,4M,4.03M,4.13M,4.23M,4.4M,4.43M,4.52M,4.56M,4.58M,4.42M,4.58M,4.73M
Kazakhstan,,,,,,,,,,,,,,,,,,,,,,,,,,,,,,,,,,1790,26.1k,63.7k,90k,108k,113k,131k,164k,208k,244k,293k,366k,452k,590k,727k,870k,943k,1.16M,1.46M,1.6M,1.89M,2.06M,2.18M,2.38M,2.69M,2.97M,3.29M,3.43M,3.88M,4.55M
Kenya,705,684,722,738,765,737,823,836,884,926,984,1050,1200,1320,1550,1700,1980,2460,2620,2880,3230,3580,3870,4260,4600,5010,5630,6060,6590,7390,8120,8950,10.3k,12.3k,14.6k,16.7k,24.4k,26.8k,28.9k,29.9k,31.1k,31.7k,31.3k,33.1k,36.3k,39.5k,50.3k,56.3k,63.3k,70.9k,76.1k,87.4k,97k,105k,116k,132k,156k,170k,184k,198k,203k,223k,244k
Kyrgyz Republic,,,,,,,,,,,,,,,,,,,,,,,,,,,,,,,,20.7,164,1180,2610,3460,4950,6300,6820,9470,12.5k,14.4k,14.6k,16.1k,17.6k,18.8k,21.4k,26.6k,33.9k,35.9k,37.9k,46.3k,54k,58.5k,65.8k,69.4k,74.2k,81.5k,87.3k,87.5k,88.4k,103k,129k
Cambodia,4030,3970,3990,4320,4540,4930,5100,5230,5680,6230,5940,10.4k,12.2k,25.1k,68.4k,,,,,,,,,,,,,,,,,,,,,759k,803k,877k,987k,1.09M,1.12M,1.22M,1.28M,1.39M,1.58M,1.86M,2.12M,2.46M,2.89M,2.91M,3.16M,3.42M,3.65M,3.87M,4.19M,4.5M,4.93M,5.38M,5.88M,6.4M,6.2M,6.31M,6.96M
Kiribati,,,,,,,,,,,,,,,,,,,740,726,602,575,701,787,679,666,671,799,847,837,877,1280,1350,1350,1440,1510,1430,1790,2120,1990,2120,2330,2300,2230,2110,2120,2050,2220,2350,2210,2300,2220,2490,2780,3240,4010,3610,3900,4020,4290,3840,4100,4690
St. Kitts and Nevis,,,,,,,,,,,,,,,,,,2680,2990,3590,4210,5020,5470,5580,6290,7030,8310,9470,11k,12.1k,14.1k,14.2k,15.3k,16.4k,18.1k,19.2k,19.9k,21.9k,21.8k,22.8k,23.2k,24.9k,25.8k,24.8k,27.1k,29.6k,35.3k,37.8k,42.6k,42.3k,42.7k,45.8k,45.3k,48.6k,50k,50.4k,53.6k,57.1k,58.2k,61.4k,49.3k,48.2k,51.5k
South Korea,10.1k,11.9k,14k,19.2k,26.7k,29.4k,37k,44.9k,56.4k,72k,88.3k,105k,128k,162k,229k,296k,402k,510k,682k,862k,1.03M,1.27M,1.44M,1.69M,1.92M,2.11M,2.45M,2.89M,3.45M,3.89M,4.67M,5.59M,6.34M,7.12M,8.32M,9.66M,10.7M,11.7M,11.5M,12.5M,13.8M,14.8M,16.4M,17.4M,18.9M,19.7M,20.7M,22.3M,23.5M,24.4M,26.7M,28M,29M,30M,30.9M,32.6M,34.1M,35.9M,36.9M,37.5M,37.8M,40.5M,42.2M
Kosovo,,,,,,,,,,,,,,,,,,,,,,,,,,,,,,,,,,,,,,,,,,,,,,,,,2120,2080,2310,2610,2740,2860,3000,3230,3440,3620,3780,4030,3870,4540,5130
Kuwait,,,,,,1150,1210,1180,1160,1130,1060,1300,1210,1300,3430,3490,3660,3650,3750,5460,6060,5790,4810,4350,4360,4160,3790,3800,3660,4350,4500,3480,4540,5070,5070,5780,6450,6310,5330,5710,7040,6130,6160,7270,8970,11.7k,14.1k,14.4k,16k,11.6k,12.2k,14.3k,15.1k,14.6k,13.5k,9800,9120,10.3k,10.9k,10.6k,8540,11.1k,14.7k
Lao,,,,,,,,,,,,,,,,,,,,,,,,,16.9k,28.5k,43.9k,48.1k,57.6k,99.3k,142k,163k,177k,203k,230k,287k,341k,417k,781k,1.9M,2.41M,2.73M,3.04M,3.53M,4.16M,4.86M,5.57M,6.48M,7.39M,7.75M,8.72M,10.2M,11.8M,13.5M,15.3M,16.5M,18M,19.1M,20.5M,21.2M,22.1M,23.2M,27.5M
Lebanon,,,,,,,,,,,,,,,,,,,,,,,,,,,,,,480k,669k,1.21M,2.78M,3.7M,4.29M,5M,5.49M,6.02M,6.31M,6.24M,6.13M,6.04M,6.2M,5.61M,6.7M,6.92M,7.08M,8.02M,9.11M,10.7M,11.4M,11.9M,12.8M,12.4M,11.4M,11.6M,12.1M,13M,13.6M,13.5M,20M,45.5M,
Liberia,,,,,,,,,,,,,,,,,,,,,,,,,,,,,,,,,,,,,,,,,267,251,249,193,234,243,280,336,414,416,452,544,584,650,640,639,662,644,611,595,568,634,708
Libya,,,,,,,,,,,,,,,,,,,,,,,,,,,,,,,,,,,,,,,,,,,4870,6190,7560,10.5k,13.2k,14.3k,17.2k,12.1k,14.7k,9540,19.5k,15.9k,12.1k,11.1k,11.2k,15k,16.4k,15.1k,9940,26.2k,32.6k
St. Lucia,,,,,,,,,,,,,,,,,,,,,3560,3990,3680,3910,4940,5470,6460,7030,7850,8810,9890,10.3k,11.3k,11.2k,11.5k,12.1k,12.5k,12.6k,13.6k,14.2k,15k,14.2k,14.4k,15.5k,16.4k,17.4k,19.7k,20.4k,21.9k,21.6k,22.8k,24.3k,24.3k,25.2k,25.4k,25.4k,26.8k,28.6k,29.6k,29.8k,22.4k,25.1k,29.9k
Liechtenstein,,,,,,,,,,,18.4k,19.8k,21.4k,23.2k,25.1k,27.1k,28.6k,30.1k,31.7k,33.4k,35.2k,39k,40.6k,41.5k,43.9k,47.7k,50.7k,56k,59.8k,63.5k,67.5k,71.7k,76.2k,81k,86k,91.4k,97.1k,103k,110k,119k,125k,113k,110k,104k,104k,112k,126k,141k,140k,118k,124k,111k,97.8k,129k,133k,133k,157k,175k,177k,162k,166k,,
Sri Lanka,684,668,681,692,722,726,737,779,890,959,1030,1010,1090,1270,1600,1730,1850,2210,2710,3560,4500,5560,6490,7730,9410,10k,11k,11.8k,13.2k,14.7k,18.6k,21.2k,24.1k,28k,32k,36.3k,41.3k,47.7k,54k,58.2k,65.7k,73.1k,81.5k,93.6k,106k,123k,146k,176k,212k,233k,317k,356k,420k,460k,496k,529k,583k,653k,690k,710k,696k,777k,1.06M
Lesotho,,,,,,,57.8,57.6,58.3,60.3,61.8,66.2,75.6,100,138,153,198,241,290,310,384,439,507,560,624,692,809,886,1060,1210,1380,1630,1860,2020,2240,2510,2790,3090,3320,3660,3930,5140,5930,6280,6740,7020,7680,8330,9910,9670,10.4k,11k,11.6k,12.6k,14.1k,15.9k,16.5k,16.1k,17.2k,18k,18.3k,18.4k,21.3k
Lithuania,,,,,,,,,,,,,,,,,,,,,,,,,,,,,,,,,,,,2130,2670,3220,3590,3520,3750,4030,4360,4750,5270,6210,7210,8630,9890,8700,8990,10k,10.8k,11.6k,12.3k,12.4k,13.1k,14.4k,15.7k,16.9k,17.3k,19.3k,22.8k
Luxembourg,1940,1930,2010,2120,2390,2420,2510,2530,2760,3180,4020,4070,4600,5480,6690,6570,7720,8080,8820,9580,10.6k,11.7k,14.3k,16.2k,17.7k,18.8k,20.1k,21k,22.8k,25.5k,27.6k,30.4k,31.5k,33.7k,34.4k,36.3k,37.7k,40k,40k,44k,46.6k,48.2k,47.3k,47k,55.5k,59.3k,57.9k,66.7k,64.1k,50k,56.8k,59.3k,67.3k,64.8k,67.6k,61.2k,64k,69.8k,70.7k,67.7k,71k,78.9k,82.5k
Latvia,,,,,,,,,,,,,,,,,,,,,,,,,,,,,,,,,,,,1650,1920,2230,2510,2600,2900,3210,3650,4160,4800,6040,7560,10k,11.1k,9490,8710,9590,10.7k,11.3k,11.9k,12.4k,12.9k,13.9k,14.9k,15.8k,15.9k,17.6k,20.4k
"Macao, China",,,,,,,,,,,,,,,,,,,,,,,27.9k,32.2k,38.5k,38.1k,41.6k,51.4k,57.7k,65.4k,74.7k,83.7k,106k,119k,129k,140k,137k,136k,124k,115k,115k,125k,130k,139k,169k,186k,211k,282k,279k,283k,358k,443k,498k,576k,610k,522k,519k,564k,605k,594k,356k,348k,
Morocco,882,853,973,1070,1100,1100,1040,1080,1120,1220,1300,1390,1430,1530,1960,2080,2360,2690,2890,3160,4230,4380,4920,5210,5760,6420,7520,7560,8520,8870,9760,10.8k,10.9k,10.9k,12.1k,12k,13.5k,13.2k,15.7k,15.7k,15.6k,16.7k,17.3k,18.3k,19.1k,19.8k,21.3k,22.5k,24.6k,24.8k,25.5k,26.3k,26.8k,28k,28.3k,30.2k,30.3k,31.4k,32.3k,33.1k,30.6k,33.7k,35.4k
Moldova,,,,,,,,,,,,,,,,,,,,,,,,,,,,,,,,,,,,,2740,3140,3160,4330,5750,7020,8520,10.6k,12.6k,14.8k,17.4k,20.3k,24.1k,22.3k,32.3k,36.9k,40.3k,45.7k,50.2k,54.7k,60k,67.6k,73.2k,81.5k,78.4k,94.4k,106k
Madagascar,6330,6410,6600,6610,6810,6880,7490,7740,8120,8470,9280,9670,9580,10.1k,12.2k,12.6k,13k,14.1k,14.3k,16.9k,24.4k,27.6k,34.6k,40.4k,43.3k,47.3k,53.6k,59.7k,75.6k,83k,94.8k,92.7k,105k,115k,154k,226k,271k,285k,305k,333k,378k,421k,417k,438k,511k,611k,692k,794k,885k,877k,943k,1.03M,1.07M,1.12M,1.21M,1.29M,1.42M,1.52M,1.65M,1.79M,1.7M,1.89M,2.01M
Maldives,,,,,,,,,,,,,,,,,,,,,,,,,,4250,4360,5360,6580,7130,8230,9400,11k,12.3k,14.4k,17.3k,19.1k,21k,22k,23.6k,24.8k,36k,38.3k,43.8k,50.5k,47.2k,62.5k,62.5k,75.6k,76.6k,80.6k,96.7k,104k,112k,123k,133k,136k,143k,151k,154k,103k,145k,165k
Mexico,4.37,4.6,4.79,5.17,5.89,6.21,6.67,7.17,7.67,8.21,8.67,9.27,10.4,12.3,15.5,18.3,22.1,28.9,35.4,45.1,67.5,89.8,138,245,398,639,1020,2500,5020,6540,8690,11k,12.9k,17.6k,19.7k,24.7k,32.9k,41.4k,49.5k,58.3k,66.9k,69.8k,72.6k,75.5k,83.7k,88.8k,97.9k,104k,111k,108k,117k,126k,134k,135k,144k,151k,161k,174k,185k,190k,180k,198k,219k
Marshall Islands,,,,,,,,,,,,,,,,,,,,,,,,,,,,,,,,,,,,3010,2620,2610,2690,2770,2800,2940,3070,3080,3100,3290,3340,3540,3510,3560,3680,3920,4000,4310,4510,4960,5340,5640,5950,6420,6770,6980,8040
North Macedonia,,,,,,,,,,,,,,,,,,,,,,,,,,,,,,,257,472,5970,30.5k,76.7k,89.1k,92k,96.6k,101k,107k,120k,123k,127k,131k,137k,149k,163k,174k,200k,201k,210k,221k,222k,237k,250k,261k,276k,286k,305k,318k,311k,333k,370k
Mali,,,,,,,,11.5k,14.2k,14.5k,15.9k,17.4k,19.3k,19.4k,19.6k,26.3k,32.7k,37.2k,39.4k,46.6k,49.9k,54.2k,55.8k,61.4k,65.9k,75k,75.9k,73.4k,74.1k,79.3k,81.1k,84.1k,80.3k,84k,118k,134k,138k,149k,159k,191k,185k,209k,213k,214k,218k,242k,255k,267k,292k,305k,327k,368k,370k,372k,393k,418k,433k,447k,461k,472k,454k,466k,499k
Malta,,,,,,,,,,,866,893,938,1050,1220,1550,1860,2170,2440,2770,3430,3840,4050,3850,3930,3930,4050,4320,4690,5170,5720,6040,6400,6740,7180,8230,8520,8990,9320,10k,10.2k,11k,11.5k,12k,12.2k,12.4k,12.8k,13.5k,14.9k,14.4k,15.6k,16.2k,16.7k,17.7k,19.1k,21.2k,20.9k,23k,24.8k,25.8k,23.1k,26.8k,29.7k
Myanmar,,278,281,302,300,297,305,309,337,362,370,371,371,385,521,705,822,891,936,992,1060,1140,1240,1310,1340,1400,1450,1560,1760,2480,3140,3650,4950,7080,9660,12.3k,15.9k,21.7k,30.6k,42.2k,51.3k,61.9k,89.3k,130k,163k,195k,272k,383k,503k,605k,712k,836k,937k,1.04M,1.16M,1.29M,1.38M,1.54M,1.71M,1.92M,2.05M,1.75M,1.99M
Montenegro,,,,,,,,,,,,,,,,,,,,,,,,,,,,,,,,,,,,,,,,,1850,2240,2360,2610,2860,2990,3590,4420,5100,4850,5010,5310,5210,5520,5630,6000,6410,7050,7580,8050,6840,8170,9600
Mongolia,,,,,,,,,,,,,,,,,,,,,,3970,4260,4430,4400,4460,4410,4470,4590,4650,5820,10.3k,24.6k,96.8k,163k,274k,310k,388k,393k,445k,497k,562k,620k,722k,925k,1.16M,1.54M,1.86M,2.41M,2.37M,3.32M,4.41M,5.51M,6.36M,7.03M,7.08M,7.25M,7.78M,9.33M,10.4M,10.3M,11.1M,13.6M
Mozambique,,,,,,,,,,,,,,,,,,,,,,,,,,,,,,,,373,456,708,1080,1610,2640,3190,3600,4310,4680,5880,6430,7610,8550,9340,10.5k,12k,13.3k,14.3k,15.8k,17.3k,18.9k,20.2k,21.1k,23.3k,26.6k,28.6k,29.8k,31.2k,30.9k,31.5k,33.2k
Mauritania,,912,915,911,1180,1310,1320,1360,1410,1340,1480,1540,1590,1760,2180,2230,2400,2490,2520,2890,3110,3280,3440,3670,3900,4230,4620,5060,5300,5910,5820,8220,8500,9610,9980,11k,12.2k,12.8k,15.2k,16.1k,15.9k,15.9k,17.7k,19.2k,21.9k,26.5k,33.5k,35.1k,38.2k,37.6k,44.9k,52.7k,53.3k,56.5k,49.9k,49.3k,54.6k,57.7k,62.1k,66.7k,68.6k,77k,79.7k
Mauritius,,,,,,,,,,,,,,,,,5230,5890,6650,7930,8820,10000,11.3k,12.3k,13.6k,15.6k,18.4k,22.9k,26.9k,31.4k,36.9k,41.9k,46.4k,52.5k,57k,62.3k,69.3k,76.5k,85.7k,92.7k,103k,113k,121k,133k,148k,156k,181k,211k,232k,233k,249k,265k,280k,303k,319k,336k,352k,378k,401k,414k,361k,383k,461k
Malawi,,,,,,,,,,,,,,,,,,,,,233,247,267,296,339,371,405,458,588,696,783,914,933,1290,1480,3070,4930,6060,3960,8110,11.9k,13k,29.3k,34.2k,40.7k,46.3k,57.4k,65.4k,76.7k,85k,96.3k,113k,132k,173k,217k,259k,325k,357k,385k,426k,456k,499k,601k
Malaysia,717,698,719,876,901,965,1000,1010,1030,1090,1130,1190,1280,1630,1930,1860,2270,2540,2880,3440,3890,4100,4290,4620,5050,4760,4290,4750,5280,5840,6510,7120,7700,8610,9500,10.5k,11.7k,12.6k,12.3k,12.5k,14.3k,13.9k,14.8k,16k,17.7k,20k,21.9k,24k,27k,24.8k,27.7k,30.5k,31.5k,32.7k,35k,36.8k,38.5k,41.7k,43.3k,44.9k,41.9k,44.8k,50.8k
Namibia,,,,,,,,,,,,,,,,,,,,,1660,1900,2130,2390,2550,2720,3180,3850,4230,4920,5370,6070,6760,7090,8400,9260,10.5k,11.3k,12.5k,13.1k,15k,16.4k,18.9k,20.4k,22.3k,23.2k,27k,30k,33.8k,35.7k,37.8k,41.1k,47.3k,53.1k,59.8k,63.9k,66.5k,71.2k,72.5k,72.2k,69.7k,71k,78k
New Caledonia,118k,130k,109k,118k,167k,158k,158k,167k,194k,239k,324k,347k,370k,342k,426k,480k,518k,550k,505k,585k,649k,674k,742k,768k,834k,904k,961k,1.01M,1.37M,1.52M,1.47M,1.55M,1.57M,1.58M,1.62M,1.7M,1.7M,1.73M,1.65M,1.64M,1.63M,,,,,,,,,,,,,,,,,,,,,,
Niger,31.6k,33.2k,35.2k,37.4k,36.1k,40.6k,41.3k,37.8k,35.9k,35.7k,38.4k,39.7k,37.9k,41.7k,47.2k,41.7k,46.2k,56.2k,67.8k,72.9k,84.7k,89.7k,97.4k,99.2k,88.1k,87.4k,88.2k,85.5k,84.6k,86.4k,115k,108k,101k,94.7k,114k,118k,124k,130k,149k,145k,143k,156k,163k,160k,157k,177k,184k,195k,222k,227k,246k,254k,277k,281k,289k,298k,304k,310k,330k,337k,311k,334k,335k
Nigeria,66.4,69.3,74.4,76.2,79.6,80.9,85.6,70.1,67.7,84.4,155,169,175,191,309,357,432,499,523,603,656,1840,1910,1990,2020,2220,2250,2650,3460,4260,4920,5740,8490,11.2k,15.6k,27.2k,35.2k,37.2k,39k,44.7k,52.4k,61.7k,83.1k,94.4k,123k,152k,206k,224k,250k,264k,321k,360k,405k,441k,486k,504k,532k,576k,621k,693k,713k,793k,893k
Nicaragua,0,0,0,0,0,0,0,0,0,0,0,0,0,0,0,0,0,0,0,0,0,0,0,0,0,10µ,20µ,0.00014,0.0138,0.586,36.2,1300,1470,1790,4920,6010,6980,7960,9470,10.9k,12.2k,13.2k,13.6k,14.5k,16.6k,18.9k,20.8k,23.8k,28.2k,28.4k,31.1k,35.9k,39.5k,42.2k,47.8k,53.1k,56.7k,60.6k,59.4k,60.8k,60.3k,68k,75.1k
Netherlands,1850,1920,2050,2190,2540,2870,3080,3340,3660,4440,4800,5350,5950,6810,7670,8310,9460,10.2k,10.9k,11.6k,12.3k,12.8k,13.1k,13.6k,14.4k,14.6k,15k,15.2k,15.7k,16.5k,17.1k,18k,18.6k,19.1k,20.1k,21.2k,22.2k,23.6k,24.7k,26.4k,28.2k,29.3k,30.2k,31.2k,32k,33.2k,35.5k,37.4k,37.5k,36.4k,38.1k,38.8k,38.5k,39k,39.4k,40.3k,40.6k,42.6k,44.7k,45.9k,44.2k,47.7k,51k
Curaçao,,,,,,,,,,,,,,,,,,,,,,,,,,,,,,,,,,,,,,,,,,,,,,31k,31.7k,32.8k,34.7k,34.4k,35.4k,34.7k,36k,35.9k,35.8k,35.5k,34.7k,34.9k,35.1k,35.6k,30.2k,33k,
Norway,10.3k,11.2k,12k,12.7k,13.9k,15.2k,16.3k,17.6k,18.7k,20.2k,23.4k,26.2k,28.8k,32.5k,37.3k,42.4k,47.9k,53.4k,58.3k,63.8k,75.6k,86.4k,95.2k,106k,119k,133k,137k,150k,154k,163k,172k,180k,186k,194k,203k,218k,238k,256k,260k,281k,331k,347k,346k,358k,390k,437k,478k,500k,548k,508k,539k,573k,599k,615k,635k,628k,621k,653k,701k,693k,670k,797k,1.05M
Nepal,381,391,414,428,457,499,602,548,599,653,701,700,794,748,940,1190,1230,1190,1330,1460,1510,1720,1910,2030,2330,2660,3110,3480,4100,4670,5290,6170,7410,8280,9170,9840,10.9k,12.1k,12.7k,14.2k,15.5k,17.8k,18.1k,19.1k,20.6k,22.5k,24.9k,27.5k,30.6k,37k,44.2k,57.5k,64.8k,71.7k,82.5k,89k,94.8k,110k,122k,135k,134k,146k,162k
Nauru,,,,,,,,,,,,,,,,,,,,,,,,,,,,,,,,,,,,,,,,,,,,,,,,3530,4610,6930,6360,7970,11.3k,10.8k,12.1k,12.5k,16k,17.3k,19k,20.4k,22.7k,25k,24.8k
New Zealand,,,,,,,,,,,2040,2370,2670,3060,3300,3610,4350,4870,5490,6490,7540,9130,10.2k,11.1k,12.2k,14k,16.9k,18.8k,20.4k,21.5k,21.9k,20.3k,20.7k,22k,23.3k,24.6k,25.1k,26.1k,26.7k,27.8k,29.3k,31.5k,32.5k,34.2k,35.7k,36.9k,38.3k,41k,41.2k,43.3k,44.4k,46.4k,47.3k,50.3k,51.6k,53.6k,55.7k,58.1k,60.2k,63.4k,63.1k,68.8k,73.8k
Oman,29.4,29.8,36.1,37.6,38,38.1,39.8,56.6,93.4,117,132,153,158,146,620,790,983,1030,994,1290,1940,2250,2250,2220,2330,2470,1920,1940,1910,2050,2420,2260,2330,2250,2250,2370,2570,2620,2280,2480,3060,3010,3070,3340,3800,4600,5490,6090,8430,6480,8190,8800,9020,8730,8480,7010,6390,6580,7230,6860,5980,6990,8980
Pakistan,388,416,426,446,489,542,585,646,677,711,798,829,862,1040,1320,1620,1840,2040,2330,2490,2870,3270,3650,3940,4400,4780,5010,5380,6120,6740,7240,8340,9640,10.4k,11.8k,13.6k,15k,16.6k,17.7k,19.1k,26.8k,28.3k,29.3k,31.4k,35.6k,40.1k,45.2k,49.6k,55.9k,67.6k,75k,90.7k,97.7k,107k,119k,128k,151k,162k,176k,193k,205k,238k,280k
Panama,423,462,490,528,554,581,615,661,690,738,795,872,932,1040,1150,1270,1290,1520,1770,1960,2160,2350,2660,2780,2740,2910,2840,3050,2480,2360,2520,2650,2990,3260,3440,3350,3470,3630,3830,3890,3910,3890,4080,4050,4310,4600,5000,5840,6770,7210,7490,8880,10k,11.2k,11.7k,12.8k,13.4k,14.3k,15.1k,15.5k,12.8k,14.4k,16.4k
Peru,10µ,10µ,10µ,10µ,10µ,10µ,10µ,10µ,20µ,20µ,20µ,20µ,20µ,30µ,30µ,40µ,50µ,70µ,0.00011,0.0002,0.00029,0.00049,0.00079,0.00141,0.00297,0.00793,0.0141,0.0283,0.165,3.89,232,1150,1890,2850,3950,4710,5280,5940,6190,6360,6620,6650,6900,7160,7760,8360,9400,10.3k,11.4k,11.8k,13.2k,14.9k,16k,17.2k,17.9k,19k,19.9k,20.8k,21.6k,22.4k,20.6k,23.7k,25.6k
Philippines,525,559,610,691,727,773,829,868,936,1010,1170,1390,1510,1890,2550,2860,3270,3670,4110,4850,5650,6360,6900,7850,10.7k,11.4k,11.9k,13.1k,15.1k,17k,19.7k,22.5k,24.1k,25.8k,29.3k,32.3k,36.2k,40k,46.6k,49.8k,51.9k,55.4k,58.6k,62.2k,68.8k,75.3k,81.4k,87.6k,96.5k,101k,110k,117k,125k,135k,145k,151k,160k,172k,186k,195k,172k,177k,202k
Palau,,,,,,,,,,,,,,,,,,,,,,,,,,,,,,,,,,,,,,,,,8290,8910,9260,8490,8930,10.4k,10.8k,11.4k,11.6k,10.8k,10.9k,11.7k,12.8k,13.5k,14.6k,17k,18.2k,17k,17.1k,16.6k,14.3k,12.4k,
Papua New Guinea,103,106,111,115,124,137,153,169,181,200,225,236,261,321,347,351,406,436,457,524,537,512,513,612,658,677,710,757,828,779,765,874,928,1040,1150,1260,1290,1330,1410,1520,1660,1680,1830,1830,1820,2160,3430,3780,4170,4030,4730,4940,5240,5320,6630,6800,7230,7800,8290,8420,8370,8890,10.2k
Poland,,,,,,,,,,,,,,,,,,,,,,,,,,,,,,,1560,2290,3200,4360,6380,8820,11.1k,13.4k,15.6k,17.3k,19.5k,20.4k,21.2k,22k,23.7k,25.4k,27.3k,30.1k,33k,34.8k,36.5k,39.4k,40.8k,41.3k,43k,45.6k,46.9k,50k,53.6k,57.8k,59.3k,66.2k,78k
Puerto Rico,711,764,836,907,974,1070,1150,1250,1380,1550,1720,1900,2050,2190,2320,2400,2480,2650,2870,3170,3450,3770,3870,3940,4240,4440,4710,5030,5380,5720,6110,6400,6610,6950,7300,7730,8150,8600,9290,10.1k,10.9k,11.5k,11.8k,12.4k,13.5k,14.4k,15.2k,16k,16.7k,17k,17.3k,17.9k,18.7k,19.2k,19.5k,20k,20.5k,20.8k,21.2k,22.2k,21.4k,22.4k,24.2k
Portugal,50.9,54,57.5,61,66.6,74.7,82.1,92.6,103,114,135,152,177,216,257,272,326,430,531,661,824,961,1160,1440,1740,2180,2790,3310,3990,4720,5600,6470,7330,7700,8290,8950,9430,10.1k,10.9k,11.7k,12.3k,12.9k,13.5k,13.8k,14.3k,14.9k,15.4k,16.2k,16.4k,16k,16.4k,16.4k,15.6k,16.1k,16.3k,16.9k,17.6k,18.6k,19.5k,20.3k,19.2k,20.5k,22.7k
Paraguay,,,,,,,,,,,,,,,,,,,,,,,,,,,,,,,,,,,,3.48M,4.06M,4.13M,4.71M,5.03M,5.27M,5.97M,7.13M,7.85M,9.2M,10.6M,12.3M,15.2M,18.1M,18.4M,21.2M,23.2M,23.8M,26.5M,28.4M,29.3M,31.5M,33.3M,34.5M,35.1M,35M,39M,41.8M
Palestine,,,,,,,,,,,,,,,,,,,,,,,,,,,,,,,,,,,1350,1500,1480,1580,1720,1760,1650,1440,1230,1340,1490,1650,1690,1820,2220,2340,2720,3070,3280,3600,3710,3670,3960,4100,4170,4300,3750,4420,4580
French Polynesia,60.6k,66k,67.5k,78k,116k,161k,189k,187k,212k,202k,218k,245k,237k,267k,359k,385k,441k,476k,537k,593k,620k,722k,847k,994k,1.15M,1.26M,1.45M,1.49M,1.46M,1.53M,1.56M,1.62M,2.02M,2.04M,2.03M,2.07M,2.08M,2.07M,2.11M,2.15M,2.22M,,,,,,,,,,,,,,,,,,,,,,
Qatar,,,,,,,,,,,11.6k,12.7k,13.2k,16.8k,51.9k,48.4k,56.7k,55.2k,57.9k,74.9k,110k,114k,94.8k,76.3k,73.9k,66.9k,54k,54.3k,56k,57k,62.5k,56.5k,60.8k,55.2k,55.2k,59.2k,64.1k,76.9k,63.7k,72.8k,92.2k,90.3k,94.3k,112k,138k,166k,207k,223k,273k,200k,238k,312k,334k,337k,324k,238k,211k,216k,236k,223k,186k,240k,309k
Romania,,,,,,,,,,,,,,,,,,,,,,,,,,,,,,3.46,3.68,9.59,26.4,87.5,218,333,499,1120,1620,2420,3580,5270,6940,8690,10.9k,13.1k,15.6k,19.7k,25.7k,25.7k,26.4k,28.8k,30.5k,31.1k,33.4k,35.6k,37.7k,42.9k,48.3k,54.1k,54.5k,60.9k,72.2k
Russia,,,,,,,,,,,,,,,,,,,,,,,,,,,,,3.65,3.88,4.34,9.4,127,1140,4100,9550,13.4k,15.5k,17k,31.5k,48.5k,60.4k,73.1k,88.5k,116k,147k,183k,228k,281k,263k,314k,408k,461k,491k,523k,552k,567k,609k,690k,723k,718k,906k,1.03M
Rwanda,2010,2000,2000,2010,1990,2220,3160,4500,4700,4990,5650,5540,5490,5680,6480,11.6k,13.2k,14.9k,16.4k,18.9k,20.6k,22.7k,23.3k,24.3k,26.3k,27.6k,26.1k,25.3k,26.2k,26.9k,29k,31.8k,35.3k,35.7k,24.5k,59.9k,62.5k,72.2k,77.7k,89.5k,98.7k,105k,111k,132k,154k,180k,196k,233k,288k,319k,344k,388k,428k,448k,483k,518k,558k,609k,638k,701k,713k,795k,975k
Saudi Arabia,1530,1630,1740,1740,1880,2020,2250,2260,2840,2940,3220,4010,4610,5900,19.4k,19.9k,27.4k,29.9k,29.2k,37.8k,52.4k,57.2k,47.7k,40.2k,35.9k,32.2k,26.8k,25.4k,24.9k,25.6k,28.6k,30.3k,30k,28.4k,27.7k,28.9k,30.6k,31.2k,27.1k,29.2k,33.1k,31.6k,31.6k,35.1k,41.3k,50.9k,56.2k,60k,72.3k,57.6k,68.2k,85.4k,91.6k,91.4k,91.4k,78.6k,76.5k,79.6k,91.5k,88.6k,77.9k,92.2k,115k
Sudan,0.0351,0.0369,0.0389,0.0387,0.0386,0.0392,0.0392,0.0411,0.0417,0.0447,0.0496,0.0525,0.0552,0.0664,0.0823,0.0965,0.116,0.14,0.158,0.178,0.213,0.267,0.363,0.45,0.549,0.743,0.988,1.4,2.46,3.6,5.39,10,22.6,47,124,262,370,595,711,820,923,1170,1330,1520,1820,2220,2450,2910,3160,3090,3660,4920,6080,8160,11.7k,13.1k,15.9k,20.5k,29.6k,43k,86.5k,282k,603k
Senegal,,,,,,,,,77.9k,75.7k,81.2k,81k,87k,85.2k,100k,117k,130k,133k,133k,153k,163k,185k,213k,214k,231k,254k,270k,274k,260k,268k,260k,257k,253k,248k,323k,357k,375k,385k,411k,422k,433k,474k,470k,482k,492k,525k,540k,576k,631k,616k,631k,642k,670k,676k,686k,713k,745k,782k,803k,835k,838k,882k,971k
Singapore,1330,1400,1470,1600,1530,1630,1790,1970,2210,2530,2860,3280,3850,4640,5600,6120,6510,6950,7770,8840,10.2k,11.3k,12.2k,13.8k,15.2k,15.1k,15k,16k,18.5k,20.8k,22.9k,24.7k,26.3k,28.9k,33k,35.6k,36.7k,39.9k,37.1k,37.4k,40.9k,38.6k,38.9k,40.2k,43.8k,47k,52.2k,57.9k,54.5k,53.7k,63.7k,65.5k,66.3k,67.4k,70.4k,71.3k,73.8k,78.6k,79.1k,79.8k,73.1k,87.3k,95.8k
Solomon Islands,,,,,,,,,,,,,128,143,208,191,212,256,273,373,596,683,714,767,821,857,861,998,1150,1200,1640,1780,2210,2670,3610,4200,4650,4850,5310,5440,4920,4910,5070,6740,7460,8650,9310,10k,10.8k,11.4k,12.7k,13.7k,14.6k,16.2k,16.3k,16.6k,16.9k,17.6k,19.2k,19.4k,18.7k,18.1k,18.1k
Sierra Leone,,,,,0.0925,0.102,0.105,0.0967,0.104,0.126,0.128,0.12,0.127,0.157,0.181,0.197,0.207,0.241,0.299,0.346,0.334,0.366,0.449,0.507,0.724,1.13,1.89,5.44,8,12.7,20.3,48.5,70.3,95.8,109,143,193,186,224,260,281,435,500,596,691,820,819,1140,1320,1440,1610,2000,2200,3040,3100,2930,3220,3520,4090,4510,4760,5210,6390
El Salvador,,,,,,274,282,288,291,295,310,317,329,367,409,452,555,685,708,772,774,734,713,720,738,755,735,757,787,806,874,936,1030,1170,1330,1540,1630,1720,1830,1860,1940,2010,2050,2130,2200,2350,2580,2740,2900,2800,2930,3200,3330,3400,3470,3590,3670,3760,3910,4070,3760,4420,4830
San Marino,,,,,,,,,,,,,,,,,,,,,,,,,,,,,,,,,,,,,,,,,,,,,,,,,,,,,,,,,,36.8k,37.4k,38.7k,35.9k,41.8k,
Somalia,448,464,480,498,514,532,546,563,578,590,607,617,743,794,717,1060,1170,1540,1710,1670,2940,3690,4810,5660,9240,12.4k,16.4k,22.3k,37.3k,73.9k,226k,,,,,,,,,,,,,,,,,,,,,,,6.82M,7.59M,8.58M,8.88M,8.67M,9.05M,10.1M,10.7M,11.6M,12.3M
Serbia,,,,,,,,,,,,,,,,,,,,,,,,,,,,,,,,,,,,,,20k,25.8k,30k,57.8k,116k,146k,172k,203k,243k,286k,331k,385k,411k,436k,480k,512k,553k,561k,580k,606k,634k,689k,738k,774k,882k,997k
South Sudan,,,,,,,,,,,,,,,,,,,,,,,,,,,,,,,,,,,,,,,,,,,,,,,,,,,,2490,3170,4630,3140,3390,,,,,,,
Sao Tome and Principe,,,,,,,,,,,,,,,,,,,,,,,,,,,,,,,,,,,,,,,,,,4400,4960,6050,7000,8720,11k,12.2k,15.9k,17.1k,20.1k,22.2k,24.9k,29.1k,33.2k,34.8k,37.7k,39.5k,40.8k,43.8k,47.3k,49.8k,56.8k
Suriname,0.586,0.593,0.582,0.496,0.523,0.754,0.92,1.02,1.02,1.03,1.09,1.15,1.24,1.36,1.76,2.31,2.42,3.11,3.66,3.91,4.16,4.79,4.88,4.6,4.52,4.51,4.53,4.92,5.73,6.61,9.37,10.7,14.4,33.9,188,701,772,795,937,1550,2480,3260,4980,6320,7610,9280,13.5k,15.3k,18.3k,19.7k,21.4k,24.6k,28.3k,29.3k,29.9k,30.4k,33.8k,40.7k,45.4k,47.4k,53.6k,83.3k,132k
Slovak Republic,,,,,,,,,,,,,,,,,,,,,,,,,,,,,,,,,,,,3710,4140,4550,4960,5270,5850,6390,6930,7350,8270,9160,10.2k,11.4k,12.5k,11.8k,12.5k,12.8k,13.4k,13.7k,13.9k,14.4k,14.6k,15.3k,16.2k,16.9k,16.9k,17.9k,19.9k
Slovenia,,,,,,,,,,,,,,,,,,,,,,,,,,,,,,,,,,,,5330,6120,6960,7740,8680,9460,10.6k,11.7k,12.7k,13.6k,14.4k,15.5k,17k,18.3k,17.5k,17.5k,17.8k,17.3k,17.5k,18.1k,18.2k,19.1k,20.4k,21.8k,22.9k,22.2k,24.4k,27.5k
Sweden,10.4k,11.3k,12.2k,13.1k,14.5k,15.8k,17k,18.3k,19.3k,20.8k,24.1k,25.9k,28.3k,31.5k,35.5k,41.5k,46.7k,50.5k,56k,62.7k,71.3k,77.5k,84.3k,94.2k,106k,115k,125k,136k,148k,162k,177k,186k,183k,181k,195k,210k,215k,225k,238k,255k,272k,282k,292k,307k,316k,329k,353k,374k,383k,368k,391k,403k,402k,407k,420k,438k,448k,468k,484k,506k,504k,544k,587k
Eswatini,61.6,74,77,88.9,104,110,122,115,119,152,157,195,216,277,317,,,,,,,,,,,,,,,,3560,3800,4220,4820,5220,6770,7660,8630,8990,9810,11.9k,13.6k,14.4k,15.4k,16.8k,19.9k,20.8k,22.8k,24.9k,27.1k,28k,29.7k,33.8k,38k,40.8k,43.9k,46.5k,47.6k,49.6k,49.9k,50.1k,54.1k,60.8k
Sint Maarten (Dutch part),,,,,,,,,,,,,,,,,,,,,,,,,,,,,,,,,,,,,,,,,,,,,,,,,,43.1k,45.1k,49.1k,50.4k,50.2k,58.4k,57.3k,56.6k,51.4k,50.7k,60.7k,51.2k,56.5k,
Seychelles,1370,1280,1360,1460,1580,1560,1600,1600,1740,1740,1900,2190,2910,3520,4230,4840,5780,7500,8950,12k,15.3k,15.9k,15.6k,15.9k,16.9k,19k,20k,20.5k,22.3k,25.3k,29.1k,29.1k,32.7k,35.4k,35k,33k,33.8k,38.1k,41.8k,42.4k,43.8k,46.5k,44.1k,46.2k,60.2k,65.6k,71.2k,79.3k,98k,124k,125k,140k,159k,167k,179k,183k,186k,198k,211k,221k,200k,206k,215k
Syria,,,,,,,,,,,,,,,,,,,,,,,,,,,,,,,,,,,,,,,,,50.4k,53.4k,54.2k,55.7k,64.7k,74.1k,82.7k,92k,107k,109k,119k,133k,129k,131k,173k,240k,311k,424k,477k,556k,797k,,
Turks and Caicos Islands,,,,,,,,,,,,,,,,,,,,,,,,,,,,,,,,,,,,,,,,,,,,,,,,,,,,,,,22.6k,24.1k,25.9k,25.7k,26.8k,27.1k,20.9k,23.3k,24.9k
Chad,25.2k,26.3k,27.6k,28.1k,29.1k,30.4k,31.1k,32.1k,31.9k,34.3k,35.6k,37.1k,38.8k,37.1k,39.5k,45.8k,50.2k,54.6k,58.6k,48.4k,49.8k,53.8k,59.2k,64.8k,81k,92.9k,71.7k,65.4k,79.8k,80.1k,80.4k,87.5k,79.1k,62.5k,98.7k,104k,113k,120k,133k,118k,118k,145k,152k,144k,204k,296k,313k,333k,351k,364k,429k,454k,483k,462k,481k,444k,403k,380k,394k,405k,365k,375k,440k
Togo,24.4k,24.9k,25.8k,28k,31.6k,33.5k,38.1k,39.1k,39.3k,44k,42.8k,46.7k,48.5k,50.3k,74.9k,71.2k,77.9k,97.4k,92.1k,91.7k,112k,117k,117k,122k,127k,135k,141k,140k,149k,152k,153k,152k,147k,115k,174k,202k,226k,255k,266k,266k,283k,283k,302k,305k,288k,283k,281k,284k,323k,336k,349k,384k,388k,410k,424k,461k,470k,473k,487k,499k,505k,536k,574k
Thailand,2190,2330,2440,2530,2690,2950,3440,3580,3750,4010,4120,4160,4480,5690,6990,7410,8250,9390,11.1k,12.3k,14.4k,16k,17.4k,18.8k,19.7k,20.5k,21.6k,24.3k,28.7k,33.7k,39k,44k,48.8k,55.5k,61.8k,69.6k,75.1k,74.9k,73.2k,74.4k,78.8k,81.6k,86.7k,93.5k,102k,110k,122k,131k,139k,137k,152k,161k,170k,174k,179k,185k,197k,209k,219k,228k,214k,218k,235k
Tajikistan,,,,,,,,,,,,,,,,,,,,,,,,,,0.0128,0.0124,0.0125,0.0135,0.0131,0.0135,0.0243,0.114,1.24,2.99,11.3,47.4,82.5,162,211,273,381,499,681,882,1200,1620,2270,3110,3300,4000,4930,5800,6510,6700,7080,7260,8270,9010,9830,10.3k,12.5k,13.5k
Turkmenistan,,,,,,,,,,,,,,,,,,,,,,,,,,,,,,,,,,0.501,4.37,31.1,363,527,640,889,1070,1510,1870,2460,3020,3400,4220,5220,9180,10.4k,11.2k,14k,16.6k,18.3k,19.9k,20.5k,21k,21.3k,22.5k,24.8k,25.4k,,
Timor-Leste,,,,,,,,,,,,,,,,,,,,,,,,,,,,,,,,,,,,,,,,,587,709,835,714,720,872,1310,1930,3130,2370,3050,4120,3800,3570,2820,2320,1820,1820,1780,2130,1840,1430,2340
Tonga,,,,,,,,,,,,,,,,,,,,,,594,662,715,779,925,1110,1250,1360,1420,1530,1760,1880,1940,2710,2700,2790,2760,2940,3190,3310,3450,3910,4270,4540,4790,5630,5690,6230,6270,6800,7260,7640,7480,7530,8080,8870,10k,10.8k,12k,11.5k,10.6k,
Trinidad and Tobago,979,1030,1080,1300,1340,1360,1190,1260,1430,1450,1530,1640,1920,2320,3470,4860,5460,6530,7630,9380,12.6k,14k,16.4k,15.7k,15.2k,14.4k,13.4k,12.6k,13k,13.3k,15.7k,16.2k,16.5k,18k,20.6k,22.5k,24k,25.4k,27.2k,30.4k,35.6k,38.6k,39.6k,49.4k,59.6k,69.9k,79.8k,94.5k,120k,82k,95.3k,102k,112k,121k,123k,116k,105k,109k,106k,103k,89k,108k,120k
Tunisia,,,,,,114,117,118,128,132,144,164,194,201,266,292,312,346,383,439,520,595,670,774,854,900,889,969,1020,1110,1240,1340,1480,1530,1630,1750,1910,2300,2470,2670,2840,3040,3120,3340,3620,3820,4160,4470,4890,5180,5800,5870,6350,6700,7210,7570,7980,8430,9240,9940,9510,10.4k,11.4k
Turkey,,,,,,,,0.00425,0.00462,0.00502,0.0055,0.00663,0.00773,0.00952,0.0127,0.0162,0.0202,0.0254,0.0372,0.0636,0.117,0.172,0.223,0.289,0.446,0.697,0.992,1.42,2.4,4.17,7.12,11.2,19.1,34.1,64.7,128,241,463,1140,1680,2640,3710,5380,6940,8480,9800,11.3k,12.5k,13.9k,13.8k,15.8k,18.8k,20.9k,23.6k,26.1k,29.2k,32.1k,37.7k,44.7k,50.8k,59.3k,84.4k,174k
Tuvalu,,,,,,,,,,,,,,,,,,,,,,,,,,,,,,,,,,,,,,,,,,5170,6650,4680,5260,5080,5170,5840,5900,5960,5290,5280,4540,5610,5210,6970,7500,7560,8570,9480,9240,9650,10.4k
Tanzania,,,,,,,,,,,,,,,,,,,,,,,,,,,,,20.2k,24.5k,31.2k,40k,49k,59.9k,77.2k,99.2k,123k,150k,255k,287k,317k,338k,385k,431k,482k,533k,593k,663k,795k,891k,1M,1.18M,1.32M,1.5M,1.66M,1.82M,2.01M,2.14M,2.26M,2.36M,2.48M,2.59M,2.7M
Uganda,5.28,5.36,5.26,5.88,6.53,7,7.12,7.21,7.52,8.22,8.62,9.38,9.67,10.8,12.8,18.1,20.3,40.2,43.7,65.4,93.1,195,310,463,567,1170,2720,7730,23.5k,51.9k,76.8k,98.9k,142k,196k,215k,257k,286k,302k,335k,350k,383k,403k,415k,462k,551k,557k,617k,701k,788k,1.52M,1.65M,1.91M,1.99M,2.08M,2.23M,2.4M,2.55M,2.64M,2.82M,3M,3.09M,3.18M,3.38M
Ukraine,,,,,,0.0105,,,,,,,,,,,,,,,,,,,,,,,,0.0301,0.0329,0.0588,0.964,27.7,230,1050,1580,1820,2000,2550,3350,4120,4620,5530,7200,9260,11.4k,15.4k,20.3k,19.4k,23.5k,28.1k,31.7k,33k,36.5k,48.4k,56.5k,71.2k,85k,95.8k,103k,129k,155k
Uruguay,0.00569,0.00683,0.00748,0.00881,0.0125,0.0203,0.0356,0.0603,0.132,0.177,0.211,0.246,0.405,1.11,1.55,2.69,4.1,6.46,9.95,19,30,39.9,41.8,55.3,83.3,147,278,521,918,1620,3360,7040,12.1k,18.3k,27.1k,37.6k,50k,69.2k,80.8k,82.8k,83.6k,84.1k,88k,98.5k,113k,124k,140k,164k,190k,214k,242k,280k,304k,353k,396k,444k,484k,515k,552k,607k,622k,703k,780k
USA,3020,3090,3270,3400,3600,3850,4170,4360,4730,5060,5240,5600,6100,6760,7260,7800,8570,9460,10.6k,11.6k,12.5k,14k,14.6k,15.5k,17.1k,18.1k,18.8k,19.9k,21.5k,22.7k,23.6k,24.1k,25.1k,25.9k,27.3k,28.4k,29.9k,31.5k,33.1k,34.7k,36.8k,37.7k,38.4k,39.8k,42.1k,44.6k,47.1k,48.3k,48.4k,47k,49k,50.9k,53.1k,54.4k,56.7k,58.2k,58.9k,61.2k,64.1k,66.3k,64.8k,71.1k,77.5k
Uzbekistan,,,,,,,,,,,,,,,,,,,,,,,,,,,,,,,,,20.6,232,2890,13.3k,23.9k,40.8k,58.5k,86.7k,130k,194k,290k,381k,472k,607k,793k,1.09M,1.51M,1.83M,2.81M,3.58M,4.34M,5.15M,6.16M,7.19M,8.1M,9.99M,13.3M,16.1M,17.7M,21.3M,25.2M
St. Vincent and the Grenadines,266,280,286,265,281,283,297,296,321,343,375,397,526,580,657,694,819,1260,1550,1780,2050,2530,2750,2950,3230,3480,3690,4140,4560,5000,5500,5830,6430,6610,6600,7200,7620,7920,8510,8790,9700,10.6k,11.2k,11.6k,12.5k,13.3k,15k,16.8k,17.4k,17.2k,17.5k,17.4k,18.1k,19.1k,18.7k,19.5k,20.6k,21.5k,22.6k,23.4k,22.3k,22.1k,24.1k
Venezuela,2.93,2.97,3.13,3.33,3.48,3.59,3.65,3.75,3.93,3.95,4.37,4.6,4.93,5.66,8.56,9,10,11.2,11.8,14,16.8,18.4,17.7,17,23.9,25.7,26.7,36.7,45.1,74.1,114,148,194,250,388,604,1270,1770,2070,2440,3220,3520,4130,5070,7860,11.2k,14.5k,18.2k,24.3k,24.8k,35k,45.5k,54k,72.9k,99.3k,,,,,,,,
Vietnam,,,,,,,,,,,,,,,,,,,,,,,,,,,,,,432k,587k,1.06M,1.53M,1.9M,2.4M,3.1M,3.6M,4.06M,4.57M,5.03M,5.51M,5.95M,6.54M,7.41M,8.53M,10.8M,12.4M,14.3M,18.3M,20M,30.4M,38.9M,44.2M,47.9M,52.1M,53.5M,57.2M,62.9M,70.1M,76.4M,79.7M,82.5M,92.2M
Vanuatu,,,,,,,,,,,,,,,,,,,,59.6k,59.9k,70.6k,72.6k,78.5k,95.8k,94.3k,92.8k,93.2k,102k,117k,130k,128k,128k,129k,137k,140k,147k,157k,177k,181k,186k,187k,173k,177k,182k,185k,208k,221k,255k,254k,256k,267k,254k,272k,282k,293k,306k,328k,349k,403k,375k,380k,400k
Samoa,,,,,,,,,,,,,,,,,,,,,,,683,813,877,916,978,1050,1150,1140,1220,1250,,,,,,,,,,,4870,5220,5770,6350,6820,7370,8280,8450,8610,8710,8670,8800,8830,9620,10.5k,10.5k,10.4k,10.8k,10.5k,9740,9470
Yemen,,,,,,,,,,,,,,,,,,,,,,,,,,,,,,,11k,12.3k,14.6k,17.1k,21.2k,30.8k,40.7k,47k,46k,59.7k,77.1k,80.8k,88.2k,97.7k,112k,136k,160k,178k,214k,202k,258k,255k,276k,307k,314k,333k,303k,333k,376k,,,,
South Africa,364,372,387,417,445,471,497,538,564,614,656,707,772,920,1090,1190,1300,1390,1550,1780,2280,2600,2900,3250,3690,4090,4610,5270,6130,7100,7900,8910,9840,11.1k,12.4k,13.9k,15.4k,16.9k,18.1k,19.5k,22k,24k,27.9k,30.3k,33.5k,36.8k,40.9k,45.6k,50.2k,53.5k,57.9k,62k,65.4k,70.1k,73.7k,77.3k,82.2k,87.2k,90.7k,94.2k,92.9k,102k,109k
Zambia,0.143,0.137,0.131,0.132,0.146,0.195,0.219,0.232,0.266,0.319,0.291,0.26,0.282,0.315,0.366,0.296,0.344,0.363,0.391,0.438,0.496,0.574,0.554,0.614,0.683,0.932,1.53,2.58,3.76,6.62,13.5,24.5,63.5,165,270,355,460,583,659,804,1080,1390,1690,2080,2490,2970,3490,4040,4810,5650,6570,7600,8750,9530,10.4k,11.1k,12.5k,13.6k,15.2k,16.1k,17.1k,20.8k,23.8k
Zimbabwe,226,219,210,203,179,238,239,268,277,316,336,370,443,536,617,650,612,601,606,702,811,956,908,800,662,555,560,578,655,702,695,644,465,460,459,456,581,521,340,390,369,391,384,357,327,326,278,237,124,695,863,961,1150,1270,1250,1240,1250,1330,4530,13.6k,86k,195k,558k
